Segments,Customer #, Total Amount,Total Purchase,Average Order Value,% of Total  Revenue
Active Customers,69,"$46,292.76",1.072463768,0.01554295316,0.2469132091
At Risk,37,"$13,957.29",1.081081081,0.0292184076,0.2050989887
Champions,37,"$26,098.18",1.162162162,0.03140978817,0.2197385313
Lost Customers,36,"$18,579.96",1.027777778,0.02854938272,0.2490568829
Loyal Customers,3,"$10,571.99",2,0.6666666667,0.6453900709
Grand Total,182,"$115,500.18",1.098901099,,